asin,name,brand,price,regular_price,total_reviews,average_rating,seller,seller_url,availability_status,availability_quantity,shipping_charge,is_prime,author,available_book_formats,is_aplus_page,small_description,full_description,images,video_count,productCategory,url,attributes,size,color,model,product_information,parent_asin,variation_asin,product_variations,product_condition,frequently_bought_together,product_badges,five_star,four_star,three_star,two_star,one_star
B0B6BG2PB4,Amazon.com Gift Card in Various Gift Boxes,Amazon,$25.00,,"113,993",4.9,"ACI Gift Cards LLC, an Amazon company",,In Stock,,,True,,,True,"Gift Card is affixed inside a gift box - Gift Card has no fees and no expiration date - No returns and no refunds on Gift Cards - Scan and redeem any Gift Card with a mobile or tablet device via the Amazon App - Gift Card is redeemable towards millions of items storewide at Amazon.com - Free One-Day Shipping (where available) - Customized gift message, if chosen at check-out, only appears on packing slip and not on the actual gift card or carrier - Gift amount may not be printed on Gift Cards",,"['https://m.media-amazon.com/images/I/61A8dCw7h2L._SL1500_.jpg', 'https://m.media-amazon.com/images/I/41CZUasmwjL._SL1500_.jpg', 'https://m.media-amazon.com/images/I/71T2BLDhTrL._SL1500_.jpg', 'https://m.media-amazon.com/images/I/71WE4TmxF4L._SL1500_.jpg', 'https://m.media-amazon.com/images/I/71nTlVu6qmL._SL1500_.jpg', 'https://m.media-amazon.com/images/I/610gkgxWMCL._SL1500_.jpg', 'https://m.media-amazon.com/images/I/710QcR1rdZL._SL1500_.jpg', 'https://m.media-amazon.com/images/I/211YROVDQFL.jpg']",10,Gift Cards > Gift Cards,https://www.amazon.com/-/dp/B0B6BG2PB4?_encoding=UTF8&th=1&psc=1&pf_rd_i=desktop&ref_=pd_gw_unk,"design: Classic Black Gift Box, denomination: 0",,,VariableDenomination,"{'Package Dimensions': '4.49 x 4.33 x 0.91 inches; 1.45 ounces', 'Item model number': 'VariableDenomination', 'Date First Available': 'April 4, 2023', 'Manufacturer': 'Amazon', 'ASIN': 'B0B6BG2PB4', 'Amazon Best Sellers Rank': '#12 in Gift Cards'}",B077N4CNVJ,"[{'design_name': 'White Floral Gift Box', 'denomination': '0', 'asin': 'B0B6BDN1F5'}, {'design_name': 'Classic Black Gift Box', 'denomination': '0', 'asin': 'B0B6BG2PB4'}, {'design_name': 'Best Dad Gift Box', 'denomination': '0', 'asin': 'B0B6BBB3V7'}, {'design_name': 'Classic Faux Wood Gift Box', 'denomination': '0', 'asin': 'B0B6BD8CPM'}, {'design_name': 'Mini Amazon Shipping Box - Smile Icons', 'denomination': '0', 'asin': 'B01F2P9Q16'}, {'design_name': 'Classic White Gift Box', 'denomination': '0', 'asin': 'B0B6BF417L'}]","{'design_name': ['Best Dad Gift Box', 'Classic Black Gift Box', 'Classic Faux Wood Gift Box', 'Classic White Gift Box', 'Mini Amazon Shipping Box - Smile Icons', 'White Floral Gift Box'], 'denomination': ['0']}",new,"[{'title': 'Amazon.com Gift Card in a Birthday Gift Box (Various Designs)', 'link': 'https://www.amazon.com/Amazon-com-Gift-Card-Birthday-Cupcake/dp/B01C9MW8Z6/ref=pd_bxgy_d_sccl_1/000-0000000-0000000?pd_rd_w=nqSi3&content-id=amzn1.sym.3858a394-39a9-4946-90e6-86a3153d2546&pf_rd_p=3858a394-39a9-4946-90e6-86a3153d2546&pf_rd_r=ZRY4SGJ5NF351G4KPMZ4&pd_rd_wg=Ic3uY&pd_rd_r=a85ed6a7-f01d-4013-bca7-7a203b7e6dce&pd_rd_i=B01C9MW8Z6&psc=1', 'price': '$25.00'}, {'title': 'Amazon.com Gift Card in a Birthday Pop-Up Box', 'link': 'https://www.amazon.com/Amazon-com-Gift-Card-amount-Birthday/dp/B0B9SJL23F/ref=pd_bxgy_d_sccl_2/000-0000000-0000000?pd_rd_w=nqSi3&content-id=amzn1.sym.3858a394-39a9-4946-90e6-86a3153d2546&pf_rd_p=3858a394-39a9-4946-90e6-86a3153d2546&pf_rd_r=ZRY4SGJ5NF351G4KPMZ4&pd_rd_wg=Ic3uY&pd_rd_r=a85ed6a7-f01d-4013-bca7-7a203b7e6dce&pd_rd_i=B0B9SJL23F&psc=1', 'price': '$50.00'}]",[],93%,4%,1%,0%,1%
B06WVJBLBQ,Amazon.com Gift Card in a Mini Envelope (General),Amazon,$10.00,,"82,654",4.8,"ACI Gift Cards LLC, an Amazon company",,In Stock,,,True,,,True,"Gift Card is affixed inside a mini envelope - Gift Envelope opens up flat to display the gift card in the center - Gift Card has no fees and no expiration date - Gift amount may not be printed on Gift Cards - No returns and no refunds on Gift Cards - Gift Card is redeemable towards millions of items storewide at Amazon.com - Scan and redeem any Gift Card with a mobile or tablet device via the Amazon App - Free One-Day Shipping (where available) - Customized gift message, if chosen at check-out, only appears on packing slip and not on the actual gift card or carrier",Amazon.com Gift Cards are the perfect way to give them exactly what they're hoping for - even if you don't know what it is. Amazon.com Gift Cards are redeemable for millions of items across Amazon.com. Item delivered is a single physical Amazon.com Gift Card nested inside or with a free gift accessory.,"['https://m.media-amazon.com/images/I/81sJe21t0JL._SL1500_.jpg', 'https://m.media-amazon.com/images/I/71TJ9w8c5+L._SL1500_.jpg', 'https://m.media-amazon.com/images/I/71GrF6mfh5L._SL1173_.jpg', 'https://m.media-amazon.com/images/I/81CCuOi1wRL._SL1500_.jpg', 'https://m.media-amazon.com/images/I/A1535gaeASL._SL1500_.jpg', 'https://m.media-amazon.com/images/I/81JUi6S04qL._SL1500_.jpg']",10,Gift Cards > Gift Cards,https://www.amazon.com/-/dp/B06WVJBLBQ?_encoding=UTF8&th=1&psc=1&pf_rd_i=desktop&ref_=pd_gw_unk,"design: Black and Silver Mini Envelope, denomination: 0",,,VariableDenomination,"{'Product Dimensions': '0.3 x 4.4 x 3.8 inches; 0.32 ounces', 'Item model number': 'VariableDenomination', 'Date First Available': 'June 26, 2017', 'Manufacturer': 'Amazon', 'ASIN': 'B06WVJBLBQ', 'Amazon Best Sellers Rank': ""#8 in Gift Cards , #1 in Father's Day (Gift Cards) , #5 in For Him , #5 in For Her""}",B0DF7CQMDS,"[{'design_name': 'Navy and Gold Mini Envelope', 'denomination': '0', 'asin': 'B077T9WSSN'}, {'design_name': 'Black and Silver Mini Envelope', 'denomination': '0', 'asin': 'B06WVJBLBQ'}, {'design_name': 'Kraft and Orange Mini Envelope', 'denomination': '0', 'asin': 'B06W5SBSL7'}, {'design_name': 'Patriotic Water Color Premium Mini Envelope', 'denomination': '0', 'asin': 'B09ZJ41RCR'}]","{'design_name': ['Black and Silver Mini Envelope', 'Kraft and Orange Mini Envelope', 'Navy and Gold Mini Envelope', 'Patriotic Water Color Premium Mini Envelope'], 'denomination': ['0']}",new,"[{'title': 'Amazon.com Gift Card in Various Gift Boxes', 'link': 'https://www.amazon.com/Amazon-com-Gift-amount-Classic-Black/dp/B0B6BG2PB4/ref=pd_bxgy_d_sccl_1/000-0000000-0000000?pd_rd_w=7Ksrb&content-id=amzn1.sym.3858a394-39a9-4946-90e6-86a3153d2546&pf_rd_p=3858a394-39a9-4946-90e6-86a3153d2546&pf_rd_r=7TZT1149330ZX6W1WC9N&pd_rd_wg=NluBy&pd_rd_r=2c049a06-806e-4367-97fb-0f1b5591cdc3&pd_rd_i=B0B6BG2PB4&psc=1', 'price': '$25.00'}, {'title': 'Starbucks Gift Card', 'link': 'https://www.amazon.com/Starbucks-Gift-Card-25-Packaging/dp/B00AR51Y5I/ref=pd_bxgy_d_sccl_2/000-0000000-0000000?pd_rd_w=7Ksrb&content-id=amzn1.sym.3858a394-39a9-4946-90e6-86a3153d2546&pf_rd_p=3858a394-39a9-4946-90e6-86a3153d2546&pf_rd_r=7TZT1149330ZX6W1WC9N&pd_rd_wg=NluBy&pd_rd_r=2c049a06-806e-4367-97fb-0f1b5591cdc3&pd_rd_i=B00AR51Y5I&psc=1', 'price': '$25.00'}]",[],92%,4%,1%,0%,2%
B01MSBQB1P,Visa $100 Gift Card (plus $5.95 Purchase Fee),Visa,$105.95,,"38,817",4.6,"Amazon Payments, Inc.",https://www.amazon.com/gp/help/seller/at-a-glance.html/ref=dp_merchant_link?ie=UTF8&seller=A2DYM63RSEU1OZ&asin=B01MSBQB1P&ref_=dp_merchant_link&isAmazonFulfilled=1,In Stock,,,True,,,True,"This card is non-reloadable. No cash or ATM access. Cards are shipped active and ready for use. Funds do not expire. If available funds remain on your card after the valid thru date has passed, please call customer service for a replacement card. A one-time purchase fee applies at the time of checkout. No fees after purchase. - To protect the money loaded to this card, the gift card recipient should register with Visa. To register your card, view FAQ’s, or find more information about your Visa gift card, please visit mygift.giftcardmall.com. - This item is not eligible for refund, resale, or return. Available for sale within the United States only (not available to Puerto Rico residents). Additional shipping restrictions apply to Hawaii, Kansas, New Mexico, South Dakota, US Virgin Islands, Vermont, and West Virginia. - Do not provide any gift card details (example: claim code) to someone you do not know or trust. There are a variety of scams in which fraudsters try to trick others into paying with gift cards. Double check the URL before entering card details online. We want to make sure our customers are aware of potential scams that may involve asking for payment using gift cards. Be Informed by clicking on the link below to learn more - Designs may vary.",,"['https://m.media-amazon.com/images/I/6144hWOeivL.jpg', 'https://m.media-amazon.com/images/I/51TZkGLBRKL.jpg']",3,Gift Cards > Gift Cards,https://www.amazon.com/-/dp/B01MSBQB1P?_encoding=UTF8&th=1&psc=1&pf_rd_i=desktop&ref_=pd_gw_unk,,,,,"{'Is Discontinued By Manufacturer': 'No', 'Package Dimensions': '5.2 x 3.98 x 0.16 inches; 0.63 ounces', 'Date First Available': 'March 28, 2017', 'ASIN': 'B01MSBQB1P', 'Amazon Best Sellers Rank': '#13 in Gift Cards , #1 in Wedding & Engagement , #7 in Birthday , #9 in For Her'}",B01MSBQB1P,[],{},new,"[{'title': 'Visa $50 Gift Card (plus $4.95 Purchase Fee)', 'link': 'https://www.amazon.com/Visa-Gift-Card-plus-Purchase/dp/B01N5TMK8I/ref=pd_bxgy_d_sccl_1/000-0000000-0000000?pd_rd_w=3kNyl&content-id=amzn1.sym.3858a394-39a9-4946-90e6-86a3153d2546&pf_rd_p=3858a394-39a9-4946-90e6-86a3153d2546&pf_rd_r=A4FJ4NVR0GBZD2XVNQ4M&pd_rd_wg=UtUBn&pd_rd_r=22037089-2737-403c-b1b9-b648fbcdca0a&pd_rd_i=B01N5TMK8I&psc=1', 'price': '$54.95'}, {'title': 'Visa $200 Gift Card (plus $6.95 Purchase Fee)', 'link': 'https://www.amazon.com/Visa-Gift-Card-plus-Purchase/dp/B07HJD9FVV/ref=pd_bxgy_d_sccl_2/000-0000000-0000000?pd_rd_w=3kNyl&content-id=amzn1.sym.3858a394-39a9-4946-90e6-86a3153d2546&pf_rd_p=3858a394-39a9-4946-90e6-86a3153d2546&pf_rd_r=A4FJ4NVR0GBZD2XVNQ4M&pd_rd_wg=UtUBn&pd_rd_r=22037089-2737-403c-b1b9-b648fbcdca0a&pd_rd_i=B07HJD9FVV&psc=1', 'price': '$206.95'}]","[{'badge': ""Amazon's Choice"", 'badge_text': None}]",85%,5%,2%,1%,7%
B09ZJ4GNKS,Amazon.com Gift Card for any amount in a Reveal,Amazon,$15.00,,"1,489",4.8,"ACI Gift Cards LLC, an Amazon company",,In Stock,,,True,,,False,"Gift Card is affixed inside a reveal product - Gift Card has no fees and no expiration date - No returns and no refunds on Gift Cards - Gift amount may not be printed on Gift Cards - Scan and redeem any Gift Card with a mobile or tablet device via the Amazon App - Free One-Day Shipping (where available) - Customized gift message, if chosen at check-out, only appears on packing slip and not on the actual gift card or carrier",,"['https://m.media-amazon.com/images/I/713BBP1l5HL._SL1500_.jpg', 'https://m.media-amazon.com/images/I/81ONpiafNlL._SL1500_.jpg', 'https://m.media-amazon.com/images/I/71NfRf6zkBL._SL1500_.jpg', 'https://m.media-amazon.com/images/I/71KO5DJ0qNL._SL1500_.jpg', 'https://m.media-amazon.com/images/I/81iJ1K74K0L._SL1500_.jpg', 'https://m.media-amazon.com/images/I/314wGNoaSSL.jpg']",0,,https://www.amazon.com/-/dp/B09ZJ4GNKS?_encoding=UTF8&th=1&psc=1&pf_rd_i=desktop&ref_=pd_gw_unk,"design: Birthday Candles Reveal Card, denomination: 0",,,,"{'Brand': 'Amazon', 'Manufacturer': 'Amazon', 'UPC': '192233085456'}",B018F4H5DM,"[{'design_name': 'Birthday Candles Reveal Card', 'denomination': '0', 'asin': 'B09ZJ4GNKS'}]","{'design_name': ['Birthday Candles Reveal Card'], 'denomination': ['0']}",new,"[{'title': 'Amazon.com Gift Card in a Birthday Pop-Up Box', 'link': 'https://www.amazon.com/Amazon-com-Gift-Card-amount-Birthday/dp/B0B9SJL23F/ref=pd_bxgy_d_sccl_1/000-0000000-0000000?pd_rd_w=nidq3&content-id=amzn1.sym.3858a394-39a9-4946-90e6-86a3153d2546&pf_rd_p=3858a394-39a9-4946-90e6-86a3153d2546&pf_rd_r=7KJPBMV7SEVJ1KM02QKR&pd_rd_wg=yMl9w&pd_rd_r=6dadcdb9-00af-4450-a1cb-4edd634f63fc&pd_rd_i=B0B9SJL23F&psc=1', 'price': '$50.00'}, {'title': 'Amazon.com Gift Card in a Mini Envelope (Birthday)', 'link': 'https://www.amazon.com/Amazon-com-Happy-Birthday-Mini-Envelope/dp/B07Y93TM8M/ref=pd_bxgy_d_sccl_2/000-0000000-0000000?pd_rd_w=nidq3&content-id=amzn1.sym.3858a394-39a9-4946-90e6-86a3153d2546&pf_rd_p=3858a394-39a9-4946-90e6-86a3153d2546&pf_rd_r=7KJPBMV7SEVJ1KM02QKR&pd_rd_wg=yMl9w&pd_rd_r=6dadcdb9-00af-4450-a1cb-4edd634f63fc&pd_rd_i=B07Y93TM8M&psc=1', 'price': '$10.00'}]","[{'badge': ""Amazon's Choice"", 'badge_text': None}]",91%,5%,2%,0%,2%
B01N5TMK8I,Visa $50 Gift Card (plus $4.95 Purchase Fee),Visa,$54.95,,"38,878",4.7,"Amazon Payments, Inc.",https://www.amazon.com/gp/help/seller/at-a-glance.html/ref=dp_merchant_link?ie=UTF8&seller=A2DYM63RSEU1OZ&asin=B01N5TMK8I&ref_=dp_merchant_link&isAmazonFulfilled=1,In Stock,,,True,,,True,"This card is non-reloadable. No cash or ATM access. Cards are shipped active and ready for use. Funds do not expire. If available funds remain on your card after the valid thru date has passed, please call customer service for a replacement card. A one-time purchase fee applies at the time of checkout. No fees after purchase. - To protect the money loaded to this card, the gift card recipient should register with Visa. To register your card, view FAQ’s, or find more information about your Visa gift card, please visit mygift.giftcardmall.com. - This item is not eligible for refund, resale, or return. Available for sale within the United States only (not available to Puerto Rico residents). Additional shipping restrictions apply to Hawaii, Kansas, New Mexico, South Dakota, US Virgin Islands, Vermont, and West Virginia. - Do not provide any gift card details (example: claim code) to someone you do not know or trust. There are a variety of scams in which fraudsters try to trick others into paying with gift cards. Double check the URL before entering card details online. We want to make sure our customers are aware of potential scams that may involve asking for payment using gift cards. Be Informed by clicking on the link below to learn more - Designs may vary.",,"['https://m.media-amazon.com/images/I/71iBGHUxEwL._SL1500_.jpg', 'https://m.media-amazon.com/images/I/61aM9ejGXsL.jpg']",8,Gift Cards > Gift Cards,https://www.amazon.com/-/dp/B01N5TMK8I?_encoding=UTF8&th=1&psc=1&pf_rd_i=desktop&ref_=pd_gw_unk,,,,,"{'Is Discontinued By Manufacturer': 'No', 'Package Dimensions': '5.24 x 4 x 0.1 inches; 0.49 ounces', 'Date First Available': 'March 28, 2017', 'ASIN': 'B01N5TMK8I', 'Amazon Best Sellers Rank': '#16 in Gift Cards , #2 in Wedding & Engagement , #9 in Birthday , #11 in For Her'}",B01N5TMK8I,[],{},new,"[{'title': 'Visa $100 Gift Card (plus $5.95 Purchase Fee)', 'link': 'https://www.amazon.com/Visa-Gift-Card-plus-Purchase/dp/B01MSBQB1P/ref=pd_bxgy_d_sccl_1/000-0000000-0000000?pd_rd_w=qFftY&content-id=amzn1.sym.3858a394-39a9-4946-90e6-86a3153d2546&pf_rd_p=3858a394-39a9-4946-90e6-86a3153d2546&pf_rd_r=7VF6MXJNXNS8GFCGK85N&pd_rd_wg=Kf3no&pd_rd_r=98ec8e70-72fd-4784-9633-69d52d300b69&pd_rd_i=B01MSBQB1P&psc=1', 'price': '$105.95'}, {'title': 'Visa $25 Gift Card (plus $3.95 Purchase Fee)', 'link': 'https://www.amazon.com/Visa-Gift-Card-plus-Purchase/dp/B07HJHK8Y5/ref=pd_bxgy_d_sccl_2/000-0000000-0000000?pd_rd_w=qFftY&content-id=amzn1.sym.3858a394-39a9-4946-90e6-86a3153d2546&pf_rd_p=3858a394-39a9-4946-90e6-86a3153d2546&pf_rd_r=7VF6MXJNXNS8GFCGK85N&pd_rd_wg=Kf3no&pd_rd_r=98ec8e70-72fd-4784-9633-69d52d300b69&pd_rd_i=B07HJHK8Y5&psc=1', 'price': '$28.95'}]","[{'badge': ""Amazon's Choice"", 'badge_text': None}]",87%,5%,2%,1%,5%
B07MJL8NXR,"Premier Protein Shake, Chocolate, 30g Protein 1g Sugar 24 Vitamins Minerals Nutrients to Support Immune Health, 11.5 fl oz (Pack of 12)",Premier Protein,$31.98,$31.98,"221,684",4.5,Amazon.com,,In Stock,,,True,,,True,"Chocolately goodness: Smooth and creamy, rich chocolate flavored shake; Winner of American Masters of Taste Gold Medal for SUPERIOR TASTING ready-to-drink protein beverages. - 30g of protein to help curb your hunger as a mid-day snack or for post workout recovery; includes all essential amino acids - 24 Vitamins and Minerals: Support a healthy immune system as part of a healthy diet and lifestyle (Antioxidants Vitamins C and E plus Zinc), 50 percent daily value of calcium and 30 percent daily value of Vitamin D to help maintain healthy bones - Guilt free indulgence: 1g Sugar, 5g Carbs, 160 Calories and Low Fat; Gluten Free, Keto and Bariatric Friendly, Kosher - Try all eleven (11) delicious smooth and creamy flavors: Chocolate, Vanilla, Caramel, Cookies & Cream, Cafe Latte, Strawberries & Cream, Peaches & Cream, Bananas & Cream, Cinnamon Roll, Chocolate Peanut Butter and Cake Batter Delight","Packaged in a 11.5oz bottle, each Premier Protein Shake contains 30 grams of protein, complete with all the essential amino acids, 1g of sugar, 3-5g carbs (depending on flavor), 160 calories, 24 vitamins & minerals, and is also low in fat. We use a blend of milk protein and casein in our shakes to help fuel muscles quickly and for several hours to help support your goals. Enjoy a shake as a healthy snack, a breakfast on-the-go, an afternoon snack, or as pre- or post-workout fuel. They are delicious as is but are also highly customizable. Try blending with your favorite fruits and vegetables for a delicious smoothie or adding to cereal or oatmeal. Available in 9 delicious flavors: Cinnamon Roll, Chocolate, Vanilla, Cafe Latte, Caramel, Cookies & Cream, Strawberries & Cream, Bananas & Cream, and Peaches & Cream.","['https://m.media-amazon.com/images/I/719eDVmYeYL._SL1500_.jpg', 'https://m.media-amazon.com/images/I/71InoNb1aQL._SL1500_.jpg', 'https://m.media-amazon.com/images/I/71T-I-0uyPL._SL1500_.jpg', 'https://m.media-amazon.com/images/I/71zlRDiYaSL._SL1500_.jpg', 'https://m.media-amazon.com/images/I/61+Otyk74RL.jpg', 'https://m.media-amazon.com/images/I/917Ra0DIBOL._SL1500_.jpg', 'https://m.media-amazon.com/images/I/714ChQyu1qL._SL1500_.jpg', 'https://m.media-amazon.com/images/I/61P7Vz1dzoL._SL1500_.jpg']",10,"Grocery & Gourmet Food > Beverages > Bottled Beverages, Water & Drink Mixes > Meal Replacement & Protein Drinks > Protein Drinks",https://www.amazon.com/-/dp/B07MJL8NXR?_encoding=UTF8&th=1&psc=1&pf_rd_i=desktop&ref_=pd_gw_unk,"size: 11.5 Fl Oz (Pack of 12), flavor: Chocolate",11.5 Fl Oz (Pack of 12),,71714,"{'Product Dimensions': '10.13 x 7.69 x 7.25 inches; 10.7 Pounds', 'Item model number': '71714', 'UPC': '643843717140', 'Manufacturer': 'Premier Nutrition', 'ASIN': 'B07MJL8NXR', 'Country of Origin': 'USA', 'Amazon Best Sellers Rank': '#2 in Grocery & Gourmet Food , #1 in Protein Drinks'}",B0D4BGWTR7,"[{'size_name': '11.5 Fl Oz (Pack of 12)', 'flavor_name': 'Chocolate', 'asin': 'B07MJL8NXR'}, {'size_name': '11.5 Fl Oz (Pack of 12)', 'flavor_name': 'Cookies & Cream', 'asin': 'B07MFYYZ5B'}, {'size_name': '11.5 Fl Oz (Pack of 12)', 'flavor_name': 'Vanilla', 'asin': 'B07MCCVZYC'}, {'size_name': '11.5 Fl Oz (Pack of 12)', 'flavor_name': 'Chocolate Peanut Butter', 'asin': 'B08SRSRN7G'}, {'size_name': '11.5 Fl Oz (Pack of 12)', 'flavor_name': 'Cafe Latte', 'asin': 'B07W8KHTGL'}, {'size_name': '11.5 Fl Oz (Pack of 12)', 'flavor_name': 'Root Beer Float', 'asin': 'B09VX8WLQQ'}, {'size_name': '11.5 Fl Oz (Pack of 12)', 'flavor_name': 'Caramel', 'asin': 'B07MJL8TPK'}, {'size_name': '11.5 Fl Oz (Pack of 12)', 'flavor_name': 'Pumpkin Spice', 'asin': 'B07W6B8ZLZ'}, {'size_name': '11.5 Fl Oz (Pack of 12)', 'flavor_name': 'Cookie Dough', 'asin': 'B0CK9QNYZW'}, {'size_name': '11.5 Fl Oz (Pack of 12)', 'flavor_name': 'Cake Batter', 'asin': 'B09B155JX8'}, {'size_name': '11.5 Fl Oz (Pack of 12)', 'flavor_name': 'Mint Chocolate', 'asin': 'B0CZ4KLN8Q'}, {'size_name': '11.5 Fl Oz (Pack of 12)', 'flavor_name': 'Banana', 'asin': 'B07ZP4FZNF'}, {'size_name': '11.5 Fl Oz (Pack of 12)', 'flavor_name': 'Cinnamon Roll', 'asin': 'B08FY6SCR8'}, {'size_name': '11.5 Fl Oz (Pack of 12)', 'flavor_name': 'Strawberries & Cream', 'asin': 'B07ZP461TY'}, {'size_name': '11.5 Fl Oz (Pack of 12)', 'flavor_name': 'Peaches & Cream', 'asin': 'B07ZP4HBXS'}]","{'size_name': ['11.5 Fl Oz (Pack of 12)'], 'flavor_name': ['Banana', 'Cafe Latte', 'Cake Batter', 'Caramel', 'Chocolate', 'Chocolate Peanut Butter', 'Cinnamon Roll', 'Cookie Dough', 'Cookies & Cream', 'Mint Chocolate', 'Peaches & Cream', 'Pumpkin Spice', 'Root Beer Float', 'Strawberries & Cream', 'Vanilla']}",new,"[{'title': 'CELSIUS Assorted Flavors Official Variety Pack, Functional Essential Energy Drinks, 12 Fl Oz (Pack of 12)', 'link': 'https://www.amazon.com/CELSIUS-Fitness-Energy-Standard-Variety/dp/B06X6J5266/ref=pd_bxgy_d_sccl_1/000-0000000-0000000?pd_rd_w=XQTzp&content-id=amzn1.sym.3858a394-39a9-4946-90e6-86a3153d2546&pf_rd_p=3858a394-39a9-4946-90e6-86a3153d2546&pf_rd_r=CYHZ3NDCX0MY65PKPKSD&pd_rd_wg=0UBY4&pd_rd_r=346b6a4b-852a-4793-ac44-03cb90d3b5f5&pd_rd_i=B06X6J5266&psc=1', 'price': '$19.99'}]",[],76%,11%,6%,2%,4%
B06X6J5266,"CELSIUS Assorted Flavors Official Variety Pack, Functional Essential Energy Drinks, 12 Fl Oz (Pack of 12)",CELSIUS,$19.99,$19.99,"99,329",4.6,Amazon.com,,In Stock,,,True,,,True,"Functional, Essential Energy with 200mg Caffeine to help you LIVE FIT - Made with Premium, Proven Ingredients and 7 Essential Vitamins - No Sugar - No High Fructose Corn Syrup, No Aspartame, No Artificial Flavors or Colors - Gluten-Free, Kosher, Non-GMO, & Certified Vegan - Assorted Variety Pack, Flavors May Vary","CELSIUS® is functional, Essential Energy, a better-for-you, premium alternative to traditional energy drinks. As a global, lifestyle fitness drink, CELSIUS® was created to help people LIVE FIT, exceed their goals and elevate their everyday lives. Made with proven, premium ingredients, 7 Essential Vitamins and zero sugar, no artificial colors, no aspartame, no high fructose corn syrup and non-GMO. CELSIUS® is vegan, gluten-free and Kosher. Our proprietary MetaPlus blend contains green tea extract with EGCG. It also includes guarana seed extract, ginger root for flavor and digestion, vitamin C to help support your immune system, vitamin B for energy production, and chromium to help control hunger, making it an ideal pre-workout drink. Made with clinically proven ingredients, this carbonated flavor of CELSIUS® has the perfect balance of flavor and energy that serves as an awesome pick-me-up for active lifestyles. Make CELSIUS® your go to choice for Essential Energy! CELSIUS® is available in 12 Fl Oz slim cans and sold in a 12-pack for convenience","['https://m.media-amazon.com/images/I/61VfvfV69lL._SL1500_.jpg', 'https://m.media-amazon.com/images/I/613C2OpFr+L._SL1500_.jpg', 'https://m.media-amazon.com/images/I/71INRnWuYGL._SL1500_.jpg', 'https://m.media-amazon.com/images/I/715CeduJxeL._SL1500_.jpg']",10,"Grocery & Gourmet Food > Beverages > Bottled Beverages, Water & Drink Mixes > Energy Drinks",https://www.amazon.com/-/dp/B06X6J5266?_encoding=UTF8&th=1&psc=1&pf_rd_i=desktop&ref_=pd_gw_unk,"size: 12 Fl Oz (Pack of 12), flavor: Official Variety Pack",12 Fl Oz (Pack of 12),,FGSS1231,"{'Is Discontinued By Manufacturer': 'No', 'Product Dimensions': '2.25 x 2.25 x 6.25 inches; 9.3 Pounds', 'Item model number': 'FGSS1231', 'UPC': '889392000771', 'Manufacturer': 'Celsius, Inc.', 'ASIN': 'B06X6J5266', 'Country of Origin': 'USA', 'Amazon Best Sellers Rank': '#1 in Grocery & Gourmet Food , #1 in Energy Drinks'}",B0D7CVBKMW,"[{'size_name': '12 Fl Oz (Pack of 12)', 'flavor_name': 'Sparkling Astro Vibe', 'asin': 'B0CTKRJH94'}, {'size_name': '12 Fl Oz (Pack of 12)', 'flavor_name': 'Sparkling Arctic Vibe', 'asin': 'B09X22BTZT'}, {'size_name': '12 Fl Oz (Pack of 12)', 'flavor_name': 'Sparkling Lemon Lime', 'asin': 'B0BNW8CT1K'}, {'size_name': '12 Fl Oz (Pack of 12)', 'flavor_name': 'Sparkling Mango Passionfruit', 'asin': 'B09MSJ34R2'}, {'size_name': '12 Fl Oz (Pack of 12)', 'flavor_name': 'Fizz Free Peach Mango', 'asin': 'B00AATAHY0'}, {'size_name': '12 Fl Oz (Pack of 12)', 'flavor_name': 'Sparkling Cosmic Vibe', 'asin': 'B0CGF5VP53'}, {'size_name': '12 Fl Oz (Pack of 12)', 'flavor_name': 'Sparkling Watermelon', 'asin': 'B019XDR4LM'}, {'size_name': '12 Fl Oz (Pack of 12)', 'flavor_name': 'Fizz Free Variety Pack', 'asin': 'B0CTKTHZWS'}, {'size_name': '12 Fl Oz (Pack of 12)', 'flavor_name': 'Sparkling Fantasy Vibe', 'asin': 'B0BRQRYC3L'}, {'size_name': '12 Fl Oz (Pack of 12)', 'flavor_name': 'Sparkling Cola', 'asin': 'B007R8XGJK'}, {'size_name': '12 Fl Oz (Pack of 12)', 'flavor_name': 'Sparkling Tropical Vibe', 'asin': 'B095Q98Z97'}, {'size_name': '12 Fl Oz (Pack of 12)', 'flavor_name': 'Sparkling Kiwi Guava', 'asin': 'B07BY3HJPT'}, {'size_name': '12 Fl Oz (Pack of 12)', 'flavor_name': 'Sparkling Fuji Apple Pear', 'asin': 'B07P7M5N5Q'}, {'size_name': '12 Fl Oz (Pack of 12)', 'flavor_name': 'Sparkling Orange', 'asin': 'B007R8XGJA'}, {'size_name': '12 Fl Oz (Pack of 12)', 'flavor_name': 'Fizz Free Raspberry Acai', 'asin': 'B007R8XGKY'}, {'size_name': '12 Fl Oz (Pack of 12)', 'flavor_name': 'Sparkling Grape Rush', 'asin': 'B019XDR3UY'}, {'size_name': '12 Fl Oz (Pack of 12)', 'flavor_name': 'Watermelon Lemonade', 'asin': 'B0D63MSCVQ'}, {'size_name': '12 Fl Oz (Pack of 12)', 'flavor_name': 'Cherry Cola', 'asin': 'B0D931DF95'}, {'size_name': '12 Fl Oz (Pack of 12)', 'flavor_name': 'Sparkling Galaxy Vibe', 'asin': 'B0CTPSJRH7'}, {'size_name': '12 Fl Oz (Pack of 12)', 'flavor_name': 'Sparkling Oasis Vibe', 'asin': 'B0C7FBH4QV'}, {'size_name': '12 Fl Oz (Pack of 12)', 'flavor_name': 'Sparkling Strawberry Guava', 'asin': 'B08PGXDHTC'}, {'size_name': '12 Fl Oz (Pack of 12)', 'flavor_name': 'Sparkling Strawberry Lemonade', 'asin': 'B09V1T6ZSB'}, {'size_name': '12 Fl Oz (Pack of 12)', 'flavor_name': 'Sparkling Green Apple Cherry', 'asin': 'B0BNW78Y32'}, {'size_name': '12 Fl Oz (Pack of 12)', 'flavor_name': 'Fizz Free Blue Razz Lemonade', 'asin': 'B0CRJ2HLMQ'}, {'size_name': '12 Fl Oz (Pack of 12)', 'flavor_name': 'Kiwi Strawberry', 'asin': 'B0D642J3KX'}, {'size_name': '12 Fl Oz (Pack of 12)', 'flavor_name': 'Official Variety Pack', 'asin': 'B06X6J5266'}, {'size_name': '12 Fl Oz (Pack of 12)', 'flavor_name': 'Sparkling Wild Berry', 'asin': 'B007R8XGKE'}, {'size_name': '12 Fl Oz (Pack of 12)', 'flavor_name': 'Sparkling Peach Vibe', 'asin': 'B086ZL794C'}]","{'size_name': ['12 Fl Oz (Pack of 12)'], 'flavor_name': ['Cherry Cola', 'Fizz Free Blue Razz Lemonade', 'Fizz Free Peach Mango', 'Fizz Free Raspberry Acai', 'Fizz Free Variety Pack', 'Kiwi Strawberry', 'Official Variety Pack', 'Sparkling Arctic Vibe', 'Sparkling Astro Vibe', 'Sparkling Cola', 'Sparkling Cosmic Vibe', 'Sparkling Fantasy Vibe', 'Sparkling Fuji Apple Pear', 'Sparkling Galaxy Vibe', 'Sparkling Grape Rush', 'Sparkling Green Apple Cherry', 'Sparkling Kiwi Guava', 'Sparkling Lemon Lime', 'Sparkling Mango Passionfruit', 'Sparkling Oasis Vibe', 'Sparkling Orange', 'Sparkling Peach Vibe', 'Sparkling Strawberry Guava', 'Sparkling Strawberry Lemonade', 'Sparkling Tropical Vibe', 'Sparkling Watermelon', 'Sparkling Wild Berry', 'Watermelon Lemonade']}",new,"[{'title': 'CELSIUS ESSENTIALS, Sparkling Orangesicle, Performance Energy Drink 16 Fl Oz (Pack of 12)', 'link': 'https://www.amazon.com/CELSIUS-ESSENTIALS-Sparkling-Orangesicle-Performance/dp/B0CTGP62FG/ref=pd_bxgy_d_sccl_1/000-0000000-0000000?pd_rd_w=kw0ho&content-id=amzn1.sym.3858a394-39a9-4946-90e6-86a3153d2546&pf_rd_p=3858a394-39a9-4946-90e6-86a3153d2546&pf_rd_r=KS53H59C09B94AK85YSM&pd_rd_wg=yJRmv&pd_rd_r=cf1744ca-5eb4-42b6-bef5-1258f389d268&pd_rd_i=B0CTGP62FG&psc=1', 'price': '$22.48'}, {'title': 'CELSIUS Sparkling Raspberry Peach, Functional Essential Energy Drink 12 Fl Oz (Pack of 12)', 'link': 'https://www.amazon.com/CELSIUS-Sparkling-Raspberry-Functional-Essential/dp/B0CRHZP1TV/ref=pd_bxgy_d_sccl_2/000-0000000-0000000?pd_rd_w=kw0ho&content-id=amzn1.sym.3858a394-39a9-4946-90e6-86a3153d2546&pf_rd_p=3858a394-39a9-4946-90e6-86a3153d2546&pf_rd_r=KS53H59C09B94AK85YSM&pd_rd_wg=yJRmv&pd_rd_r=cf1744ca-5eb4-42b6-bef5-1258f389d268&pd_rd_i=B0CRHZP1TV&psc=1', 'price': '$24.99'}]",[],82%,8%,4%,2%,4%
B01N05APQY,"Nespresso Capsules Vertuo, Variety Pack, Medium and Dark Roast Coffee, 30 Count Coffee Pods, Brews 7.8 oz.",Nespresso,$37.50,,"111,630",4.8,Amazon.com,,In Stock,,,True,,,True,"NESPRESSO VERTUOLINE VARIETY PACK ASSORTMENT: This Nespresso coffee assortment offers 30 Nespresso Pods in a variety of 3 best-selling coffee blends for the Nespresso VertuoLine System.10 Stormio, 10 Odacio, 10 Melozio - INTENSITY: This assortment will let you explore the rich tastes of the following Nespresso Capsules: Stormio (Intensity 8), Odacio (Intensity 7) ; Melozio (Intensity 6). It's the perfect choice to discover a distinctive range of extraordinary coffees - COFFEE BREWS 7.8 OZ : These Nespresso VertuoLine pods provide you with a 7.8 oz serving of coffee which is perfect for a longer drinking experience - WE RECYCLE: Nespresso aluminum capsules are fully recyclable and guarantee coffee freshness - we provide different options for recycling your used aluminum coffee pods to fulfill our collective commitment to protecting the environment - VERTUOLINE ONLY: Nespresso Vertuo delivers you a full range of cup sizes and coffee styles from espresso to Alto XL with easy to use Nespresso pods. Enjoy hot or pour over ice. (VertuoLine Capsules are not compatible with OriginalLine machines )","CONTENTS: STORMIO: A rich & strong coffee blend. Intensity 8. Smooth, rich cereal notes are brought to the fore by Guatemalan washed Arabica, which are then blended with Nicaraguan beans to create a strong, distinct flavor. tormio is mainly comprised of dark and long roasted beans, which help to develop its intensity, both in terms of body as well as singular notes. A long prewetting and high temperature allow to express the spicy and woody notes of Stormio. ODACIO: A long bold & lively coffee blend. Intensity 7. An audacious blend of fine Arabicas from Nicaragua and Ethiopia, Odacio is a full-bodied coffee with cereal notes accented by a slight East African fruitiness. Adding milk softens the flavor, bringing dairy, sweet notes. Fusing the flavors of two different continents, this blend of fine Arabica beans from Central America and East Africa serve up contrasting, yet complementary tastes in Odacio. MELOZIO: A smooth & balanced coffee blend. Intensity 6. Fine quality Brazilian Bourbon and Central American Arabicas are lightly roasted to create a rounded coffee that is smooth and perfectly balanced. Adding milk opens up the softer, sweeter sides of the coffee, enhancing the biscuity notes. Central American Arabica coffee delivers balance and a harmonious character to Melozio, which is enhanced by the sweet, honey notes of fine Brazilian Bourbon coffee beans. Thanks to the split-roasting, the fine Brazilian Bourbon beans reveal flavors rich in sweet cereal notes, giving a sensuous, smooth texture. The soft character and balance is achieved through the second split of Central American Arabicas. The fast flow and high temperature ensure a roundness of flavor, which is typical in blending lightly roasted Bourbon and Central American Arabicas.","['https://m.media-amazon.com/images/I/61J0e7d0GEL._AC_SL1500_.jpg', 'https://m.media-amazon.com/images/I/6147a2KLREL._AC_SL1500_.jpg', 'https://m.media-amazon.com/images/I/81BrqxeMCjL._AC_SL1500_.jpg', 'https://m.media-amazon.com/images/I/71m-nHDllKL._AC_SL1500_.jpg', 'https://m.media-amazon.com/images/I/713+qyCn5OL._AC_SL1500_.jpg', 'https://m.media-amazon.com/images/I/71QN2patjUL._AC_SL1500_.jpg', 'https://m.media-amazon.com/images/I/51UVK4qsTbL._AC_SL1080_.jpg']",10,Grocery & Gourmet Food > Beverages > Coffee > Single-Serve Capsules & Pods,https://www.amazon.com/-/dp/B01N05APQY?_encoding=UTF8&th=1&psc=1&pf_rd_i=desktop&ref_=pd_gw_unk,"size: 10 Count (Pack of 3), flavor: Medium and Dark Roast Variety Pack",10 Count (Pack of 3),,,"{'Item Dimensions': '11 x 3.5 x 7.5 inches', 'Item Package Weight': '0.67 Kilograms', 'Item Weight': '7.8 Ounces', 'Unit Count': '30 Count', 'Allergen Information': 'Hypoallergenic', 'Coffee Type': 'Instant Coffee', 'Variety': 'Coffee Variety Pack', 'Insert Type': 'Nespresso Vertuo', 'Caffeine Content Per Serving': '200 Milligrams', 'ASIN': 'B01N05APQY', 'Manufacturer': 'Nespresso Pods', 'Global Trade Identification Number': '07630039657307', 'Number of Items': '3', 'Special Ingredients': 'Regular ingredient', 'Specialty': 'sampler packs', 'Number of Pieces': '30', 'Brand Name': 'Nespresso', 'Item Form': 'Capsule', 'Flavor': 'Medium and Dark Roast Variety Pack', 'Caffeine Content Description': 'Caffeinated', 'Coffee Roast Level': 'Dark Roast', 'Container Type': 'Box', 'Diet Type': 'Vegetarian', 'Amazon Best Sellers Rank': '#3 in Grocery & Gourmet Food , #1 in Single-Serve Coffee Capsules & Pods'}",B0D5MVGV29,"[{'size_name': '10 Count (Pack of 3)', 'flavor_name': 'Odacio', 'asin': 'B0768N976P'}, {'size_name': '10 Count (Pack of 3)', 'flavor_name': 'Medium and Dark Roast Variety Pack', 'asin': 'B01N05APQY'}, {'size_name': '10 Count (Pack of 3)', 'flavor_name': 'Melozio', 'asin': 'B0768N9N6M'}, {'size_name': '10 Count (Pack of 3)', 'flavor_name': 'Intenso', 'asin': 'B0768N9N6K'}, {'size_name': '10 Count (Pack of 3)', 'flavor_name': 'Solelio', 'asin': 'B0768N9N6N'}, {'size_name': '10 Count (Pack of 3)', 'flavor_name': 'Stormio', 'asin': 'B0768QK616'}, {'size_name': '10 Count (Pack of 4)', 'flavor_name': 'Intense Variety Pack', 'asin': 'B01N011V5A'}]","{'size_name': ['10 Count (Pack of 3)', '10 Count (Pack of 4)'], 'flavor_name': ['Intense Variety Pack', 'Intenso', 'Medium and Dark Roast Variety Pack', 'Melozio', 'Odacio', 'Solelio', 'Stormio']}",new,"[{'title': 'Nespresso Capsules Vertuo, Double Espresso Chiaro, Medium Roast Espresso Coffee, 30-Count Coffee Pods, Brews 2.7oz.', 'link': 'https://www.amazon.com/Nespresso-VertuoLine-Double-Espresso-Chiaro/dp/B07M8P8F73/ref=pd_bxgy_d_sccl_1/000-0000000-0000000?pd_rd_w=9sKx0&content-id=amzn1.sym.3858a394-39a9-4946-90e6-86a3153d2546&pf_rd_p=3858a394-39a9-4946-90e6-86a3153d2546&pf_rd_r=6PZVNCHB9TDF2GW8JNBT&pd_rd_wg=0odbi&pd_rd_r=b6c0cfe6-76e9-44f3-81ad-4c83296e4d80&pd_rd_i=B07M8P8F73&psc=1', 'price': '$34.50'}, {'title': 'Nespresso Capsules Vertuo, Espresso Bold Variety Pack, Medium and Dark Roast Espresso Coffee, 40-Count Espresso Pods, Brews 1.35oz.', 'link': 'https://www.amazon.com/Nespresso-Vertuoline-Bold-Assortment-Count/dp/B01MQERON0/ref=pd_bxgy_d_sccl_2/000-0000000-0000000?pd_rd_w=9sKx0&content-id=amzn1.sym.3858a394-39a9-4946-90e6-86a3153d2546&pf_rd_p=3858a394-39a9-4946-90e6-86a3153d2546&pf_rd_r=6PZVNCHB9TDF2GW8JNBT&pd_rd_wg=0odbi&pd_rd_r=b6c0cfe6-76e9-44f3-81ad-4c83296e4d80&pd_rd_i=B01MQERON0&psc=1', 'price': '$39.20'}]",[],86%,9%,3%,1%,2%
B07LD2NV9X,"Core Power Fairlife 26g Protein Milk Shakes, Liquid Ready To Drink for Workout Recovery, Chocolate, 14 Fl Oz Bottle (Pack of 12)",Core Power,$38.40,$38.40,"19,431",4.8,Amazon.com,,In Stock,,,True,,,True,Contains 12 (twelve) - 14 ounce bottles (packaging may vary) - Made from fairlife ultra-filtered milk - 26g High Quality Complete Protein - 5g of sugar - 170 calories - 8g of carbohydrates - Gluten Free;Low Sodium,"Flavor:Chocolate | Size:14 fl oz, 12-Pack If you can get past the amazingly delicious part, you'll be pleased to know that chocolate milk has been shown to be an effective recovery aid. That's why Core Power Chocolate High Protein Milk Shakes are a crucial part of every chocolate lover's workout routine.","['https://m.media-amazon.com/images/I/81U1j+Ni3BL._SL1500_.jpg', 'https://m.media-amazon.com/images/I/A1Q-HkaBMNL._SL1500_.jpg', 'https://m.media-amazon.com/images/I/A1EzG3doSgL._SL1500_.jpg', 'https://m.media-amazon.com/images/I/A1sHhcvqErL._SL1500_.jpg', 'https://m.media-amazon.com/images/I/91AYyaCsDrL._SL1500_.jpg', 'https://m.media-amazon.com/images/I/71+T37yZo2L._SL1500_.jpg', 'https://m.media-amazon.com/images/I/7194oHzG+UL._SL1500_.jpg', 'https://m.media-amazon.com/images/I/817aUyMri9L._SL1500_.jpg']",10,"Grocery & Gourmet Food > Beverages > Bottled Beverages, Water & Drink Mixes > Meal Replacement & Protein Drinks > Protein Drinks",https://www.amazon.com/-/dp/B07LD2NV9X?_encoding=UTF8&th=1&psc=1&pf_rd_i=desktop&ref_=pd_gw_unk,"size: 14 Fl Oz (Pack of 12), flavor: Chocolate",14 Fl Oz (Pack of 12),,15680,"{'Product Dimensions': '2.6 x 2.6 x 7.1 inches; 14.56 ounces', 'Item model number': '15680', 'UPC': '811620022002', 'Manufacturer': 'Core Power', 'ASIN': 'B07LD2NV9X', 'Country of Origin': 'USA', 'Amazon Best Sellers Rank': '#5 in Grocery & Gourmet Food , #2 in Protein Drinks'}",B0DHGHK249,"[{'size_name': '14 Fl Oz (Pack of 1)', 'flavor_name': 'Strawberry Banana', 'asin': 'B07PFKFTW9'}, {'size_name': '14 Fl Oz (Pack of 12)', 'flavor_name': 'Chocolate', 'asin': 'B07LD2NV9X'}, {'size_name': '14 Fl Oz (Pack of 12)', 'flavor_name': 'Strawberry Banana', 'asin': 'B07LD7B766'}, {'size_name': '14 Fl Oz (Pack of 1)', 'flavor_name': 'Chocolate', 'asin': 'B07PGPY5VB'}, {'size_name': '14 Fl Oz (Pack of 1)', 'flavor_name': 'Vanilla', 'asin': 'B07PFKGQ3S'}, {'size_name': '14 Fl Oz (Pack of 12)', 'flavor_name': 'Vanilla', 'asin': 'B07LCZC2C2'}]","{'size_name': ['14 Fl Oz (Pack of 1)', '14 Fl Oz (Pack of 12)'], 'flavor_name': ['Chocolate', 'Strawberry Banana', 'Vanilla']}",new,[],[],86%,8%,3%,1%,2%
B003P02EGU,"Sparkling Ice, Black Raspberry Sparkling Water, Zero Sugar Flavored Water, with Vitamins and Antioxidants, Low Calorie Beverage, 17 fl oz Bottles (Pack of 12)",Sparkling Ice,$10.98,$10.98,"96,032",4.7,Amazon.com,,In Stock,,,True,,,True,"ZERO SUGAR Pretty sweet, right? Sparkling Ice Black Raspberry brings on all the taste you’ve been missing, while making the sugar go missing, too - FLAVOR YOU CAN TASTE This isn’t one of those hint-of-flavor sparkling waters. This is major flavor that will fruit up your taste buds - VITAMINS & ANTIOXIDANTS Even when your favorite flavor changes, you’ll still be drinking a Sparkling Ice with vitamins B6, B12, and E. Turns out having zero sugar means you’ve got room for better things - LOW CALORIE You can count how many calories there are on just one hand. Hint... it’s 5 - 12 BOTTLES So you can say your favorite flavor 12 times over with each multi-pack. The sparkle don’t stop, with 17 fl. oz. in each bottle - FLAVOR FOREVER The end of your flavor journey is inevitable. But the quenching memories last forever because your favorite flavor comes in a recyclable bottle","Product Description This best-selling, succulent flavor makes for one sweet experience. Sparkling Ice Black Raspberry is a fizzy, flavorful sparkling water, without all the calories. Sparkling Ice Black Raspberry flavored sparkling water contains 0g sugar, only 5 calories per bottle, and 0g carbs. Made with better-for-you ingredients, this low-calorie carbonated water is bursting with real fruit flavor, is made with colors from natural sources, and contains vitamins and antioxidants. Enjoy Sparkling Ice as a mocktail or mix it with your drink of choice for a delicious, low calorie cocktail. The product ships in a pack of 12 bottles. Each sparkling water bottle contains 17 fl oz. Manufacturer Contact Information Talking Rain Beverage Company P.O. Box 549 Preston, WA 98050","['https://m.media-amazon.com/images/I/814XtD1-71L._SL1500_.jpg', 'https://m.media-amazon.com/images/I/81uRs6Djo0L._SL1500_.jpg', 'https://m.media-amazon.com/images/I/81PI7F-OmnL._SL1500_.jpg', 'https://m.media-amazon.com/images/I/71zxRtXCd6L._SL1500_.jpg', 'https://m.media-amazon.com/images/I/81X3Wc0K5dL._SL1500_.jpg']",10,"Grocery & Gourmet Food > Beverages > Bottled Beverages, Water & Drink Mixes > Water > Carbonated Water",https://www.amazon.com/-/dp/B003P02EGU?_encoding=UTF8&th=1&psc=1&pf_rd_i=desktop&ref_=pd_gw_unk,flavor: Black Raspberry,,,FG00014,"{'Is Discontinued By Manufacturer': 'No', 'Product Dimensions': '2.25 x 2.25 x 9.25 inches; 14.75 ounces', 'Item model number': 'FG00014', 'UPC': '016571245733', 'Manufacturer': 'Talking Rain Beverage Company', 'ASIN': 'B003P02EGU', 'Country of Origin': 'USA', 'Amazon Best Sellers Rank': '#4 in Grocery & Gourmet Food , #1 in Carbonated Drinking Water'}",B0BJ5W3R8H,"[{'flavor_name': 'Cherry Limeade', 'asin': 'B00GZFYANC'}, {'flavor_name': 'Raspberry Lemonade', 'asin': 'B0CRK5FY98'}, {'flavor_name': 'Coconut Pineapple', 'asin': 'B006FUL3XC'}, {'flavor_name': 'Tea + Lemonade', 'asin': 'B0CFT7G8V1'}, {'flavor_name': 'Black Raspberry', 'asin': 'B003P02EGU'}, {'flavor_name': 'Strawberry Lemonade', 'asin': 'B00B7JRYIO'}, {'flavor_name': 'Strawberry Watermelon', 'asin': 'B00GZFYANW'}, {'flavor_name': 'Berry Lemonade', 'asin': 'B0B192RX4X'}, {'flavor_name': 'Peach Nectarine', 'asin': 'B009S2XFVW'}, {'flavor_name': 'Orange Mango', 'asin': 'B003OZV4Y4'}, {'flavor_name': 'Black Cherry', 'asin': 'B01FS2GH2O'}, {'flavor_name': 'Lemon Lime', 'asin': 'B004R0RNTU'}, {'flavor_name': 'Pink Grapefruit', 'asin': 'B003OZX4ME'}, {'flavor_name': 'Cranberry Frost', 'asin': 'B07KY58NFX'}, {'flavor_name': 'Kiwi Strawberry', 'asin': 'B003P02I70'}, {'flavor_name': 'Fruit Punch', 'asin': 'B089FLWNP3'}, {'flavor_name': 'Grape Raspberry', 'asin': 'B01MYGL4D9'}, {'flavor_name': 'Classic Lemonade', 'asin': 'B006FUL4AE'}]","{'flavor_name': ['Berry Lemonade', 'Black Cherry', 'Black Raspberry', 'Cherry Limeade', 'Classic Lemonade', 'Coconut Pineapple', 'Cranberry Frost', 'Fruit Punch', 'Grape Raspberry', 'Kiwi Strawberry', 'Lemon Lime', 'Orange Mango', 'Peach Nectarine', 'Pink Grapefruit', 'Raspberry Lemonade', 'Strawberry Lemonade', 'Strawberry Watermelon', 'Tea + Lemonade']}",new,"[{'title': 'Sparkling Ice Purple Variety Pack, Flavored Water, Zero Sugar, with Vitamins and Antioxidants, 17 fl oz, 12 count (Black Raspberry, Cherry Limeade, Orange Mango, Kiwi Strawberry)', 'link': 'https://www.amazon.com/Sparkling-Ice-Variety-Pack-Fl/dp/B00F9VCQ2A/ref=pd_bxgy_d_sccl_1/000-0000000-0000000?pd_rd_w=DuXrB&content-id=amzn1.sym.3858a394-39a9-4946-90e6-86a3153d2546&pf_rd_p=3858a394-39a9-4946-90e6-86a3153d2546&pf_rd_r=Z3WXC5ZSFC8Z06KHMEKA&pd_rd_wg=0m5Rj&pd_rd_r=55330775-3fbb-49bb-954d-e01608a747c5&pd_rd_i=B00F9VCQ2A&psc=1', 'price': '$10.98'}, {'title': 'Sparkling Ice STARBURST Strawberry, Zero Sugar Flavored Sparkling Water, with Vitamins and Antioxidants, Low Calorie Beverage, 17 fl oz Bottles (Pack of 12)', 'link': 'https://www.amazon.com/Sparkling-Ice-STARBURST-Strawberry-Antioxidants/dp/B0CV2C5FSL/ref=pd_bxgy_d_sccl_2/000-0000000-0000000?pd_rd_w=DuXrB&content-id=amzn1.sym.3858a394-39a9-4946-90e6-86a3153d2546&pf_rd_p=3858a394-39a9-4946-90e6-86a3153d2546&pf_rd_r=Z3WXC5ZSFC8Z06KHMEKA&pd_rd_wg=0m5Rj&pd_rd_r=55330775-3fbb-49bb-954d-e01608a747c5&pd_rd_i=B0CV2C5FSL&psc=1', 'price': '$12.00'}]",[],83%,8%,3%,2%,3%
B094LFK6DF,"POPPI Sparkling Prebiotic Soda, Beverages w/Apple Cider Vinegar, Seltzer Water & Fruit Juice, Fun Favorites Variety, 12oz (12 Pack) (Packaging May Vary)",poppi,,,"29,779",4.3,,,,,,False,,,True,"Mouthwatering flavor and all the soda feels. - Contains unfiltered Apple Cider Vinegar and prebiotics from agave inulin. - 5g of sugar or less and 25 calories or less per can. - Perfect for everyday, on-the-go refreshment or as a drink mixer. - Great alternative to diet soda soft drinks, kombucha, juice, seltzer & flavored water, energy drink, coconut water, tonic water, sports drinks, etc. - Flavors include: 2x Cherry Limeade, 2x Raspberry Rose, 2x Watermelon, 2x Strawberry Lemon, 2x Ginger Lime and 2x Orange.",,"['https://m.media-amazon.com/images/I/81tZ6sImVgL._SL1500_.jpg', 'https://m.media-amazon.com/images/I/81pipd4NmdL._SL1500_.jpg', 'https://m.media-amazon.com/images/I/81LJIV-1pUL._SL1500_.jpg', 'https://m.media-amazon.com/images/I/81xsJTj5-3L._SL1500_.jpg', 'https://m.media-amazon.com/images/I/716l4zSYSYL._SL1500_.jpg', 'https://m.media-amazon.com/images/I/71u8xgISAoL._SL1500_.jpg']",10,"Grocery & Gourmet Food > Beverages > Bottled Beverages, Water & Drink Mixes > Soft Drinks",https://www.amazon.com/-/dp/B094LFK6DF?_encoding=UTF8&th=1&psc=1&pf_rd_i=desktop&ref_=pd_gw_unk,"size: 12 Fl Oz (Pack of 12), flavor: (Variety) Fun Favorites",12 Fl Oz (Pack of 12),,,"{'Product Dimensions': '5.25 x 7.13 x 10.63 inches; 12 ounces', 'UPC': '810063710385', 'Manufacturer': 'poppi', 'ASIN': 'B094LFK6DF', 'Amazon Best Sellers Rank': '#21 in Grocery & Gourmet Food , #1 in Soda Soft Drinks'}",B0CQMM8FJV,"[{'size_name': '12 Fl Oz (Pack of 12)', 'flavor_name': 'NEW Cherry Cola', 'asin': 'B0D54RL466'}, {'size_name': '12 Fl Oz (Pack of 1)', 'flavor_name': 'Raspberry Rose', 'asin': 'B07812M2DS'}, {'size_name': '12 Fl Oz (Pack of 12)', 'flavor_name': '(Variety) Fun Favorites', 'asin': 'B094LFK6DF'}, {'size_name': '16 Fl Oz (Pack of 12)', 'flavor_name': 'Lemon Lime', 'asin': 'B0DGZSX1F7'}, {'size_name': '12 Fl Oz (Pack of 12)', 'flavor_name': 'NEW Crowd Pleasers Variety', 'asin': 'B0D68R2D7R'}, {'size_name': '12 Fl Oz (Pack of 12)', 'flavor_name': 'Strawberry Lemon', 'asin': 'B084L3Z6LY'}, {'size_name': '12 Fl Oz (Pack of 12)', 'flavor_name': 'Classic Cola', 'asin': 'B08T6NT456'}, {'size_name': '12 Fl Oz (Pack of 1)', 'flavor_name': 'Strawberry Lemon', 'asin': 'B07813N6LQ'}, {'size_name': '12 Fl Oz (Pack of 12)', 'flavor_name': 'Doc Pop', 'asin': 'B08T6RLNSY'}, {'size_name': '12 Fl Oz (Pack of 12)', 'flavor_name': 'Cherry Limeade', 'asin': 'B0B6GWKTZD'}, {'size_name': '12 Fl Oz (Pack of 12)', 'flavor_name': 'Lemon Lime', 'asin': 'B0CQ8TQGR6'}, {'size_name': '12 Fl Oz (Pack of 12)', 'flavor_name': 'Watermelon', 'asin': 'B08DRB67KB'}, {'size_name': '12 Fl Oz (Pack of 12)', 'flavor_name': 'Orange Cream', 'asin': 'B0CZY4H7K5'}, {'size_name': '12 Fl Oz (Pack of 12)', 'flavor_name': 'Root Beer', 'asin': 'B08T6LZWKW'}, {'size_name': '12 Fl Oz (Pack of 12)', 'flavor_name': 'Cranberry Fizz', 'asin': 'B0CGTJZSY4'}, {'size_name': '12 Fl Oz (Pack of 12)', 'flavor_name': 'Trend Setters Variety', 'asin': 'B0CZY3XG8H'}, {'size_name': '12 Fl Oz (Pack of 12)', 'flavor_name': '(Variety) Beach Party', 'asin': 'B085H5P67T'}, {'size_name': '12 Fl Oz (Pack of 12)', 'flavor_name': '(Variety) The Classics', 'asin': 'B09B8CCPCZ'}, {'size_name': '12 Fl Oz (Pack of 12)', 'flavor_name': 'Raspberry Rose', 'asin': 'B084KV65KJ'}, {'size_name': '16 Fl Oz (Pack of 12)', 'flavor_name': 'Strawberry Lemon', 'asin': 'B0DH14CH3Z'}, {'size_name': '16 Fl Oz (Pack of 12)', 'flavor_name': 'Wild Berry', 'asin': 'B0CSHT3W9H'}, {'size_name': '12 Fl Oz (Pack of 12)', 'flavor_name': '(Variety) Short List', 'asin': 'B084RR2DQX'}, {'size_name': '12 Fl Oz (Pack of 1)', 'flavor_name': 'Ginger Lime', 'asin': 'B07814HF9W'}, {'size_name': '16 Fl Oz (Pack of 12)', 'flavor_name': 'XL Variety', 'asin': 'B0DH1G2133'}, {'size_name': '12 Fl Oz (Pack of 12)', 'flavor_name': 'Grape', 'asin': 'B0BWSMRPHM'}, {'size_name': '16 Fl Oz (Pack of 12)', 'flavor_name': 'Orange', 'asin': 'B0DH13YXJ6'}, {'size_name': '12 Fl Oz (Pack of 12)', 'flavor_name': 'Ginger Lime', 'asin': 'B084KXX75P'}, {'size_name': '12 Fl Oz (Pack of 12)', 'flavor_name': 'Party Starters Variety', 'asin': 'B0CZY3JDCY'}, {'size_name': '12 Fl Oz (Pack of 12)', 'flavor_name': 'Wild Berry', 'asin': 'B0D54QFW77'}, {'size_name': '12 Fl Oz (Pack of 12)', 'flavor_name': 'Orange', 'asin': 'B084KSS69G'}]","{'size_name': ['12 Fl Oz (Pack of 1)', '12 Fl Oz (Pack of 12)', '16 Fl Oz (Pack of 12)'], 'flavor_name': ['XL Variety', '(Variety) Beach Party', '(Variety) Fun Favorites', '(Variety) Short List', '(Variety) The Classics', 'Cherry Limeade', 'Classic Cola', 'Cranberry Fizz', 'Doc Pop', 'Ginger Lime', 'Grape', 'Lemon Lime', 'NEW Cherry Cola', 'NEW Crowd Pleasers Variety', 'Orange', 'Orange Cream', 'Party Starters Variety', 'Raspberry Rose', 'Root Beer', 'Strawberry Lemon', 'Trend Setters Variety', 'Watermelon', 'Wild Berry']}",new,[],[],71%,10%,7%,4%,8%
B0BL7316GD,"Monster Energy Zero Ultra, Sugar Free Energy Drink, 16 Fl oz (Pack of 15)",Monster Energy,$24.98,$24.98,"71,761",4.7,Amazon.com,,In Stock,,,True,,,True,"FULL FLAVOR, ZERO SUGAR: Zero Ultra has 10 calories and zero sugar, but with all the flavor you’re accustomed to and packed with our sugar-free Monster Energy blend. - REFRESHING TASTE: Zero Ultra’s lighter tasting flavor profile is a less sweet, sparkling, citrus energy drink that delivers refreshment. Monster Energy Zero Ultra is great for any occasion. - UNLEASH THE ULTRA BEAST: Some people are impossible to please. As soon as they get what they thought they wanted, they always want more. Our team riders and Monster Girls are no different they’ve been dropping some hints lately. They’ve been asking us for a new Monster drink. A little less sweet, lighter-tasting, zero calories, but with a full load of our Monster energy blend. Sure, white is the new black. We went all out: Monster Energy Zero Ultra. - STOCK UP WITH A 15 PACK: For those looking for a Monster that’s lighter tasting, has zero sugar, and contains the full Monster Energy blend, Monster Energy Zero Ultra is available on in a convenient pack of 15. - Product labels may vary from those pictured","Some people are impossible to please. As soon as they get what they thought they wanted they always want more. Our team riders and Monster Girls are no different… they’ve been dropping some hints lately. They’ve been asking us for a new Monster drink. Monster Zero Ultra a.k.a. the ""White Monster"" is zero sugar, lighter-tasting, zero calories, but with a full load of our Monster energy blend. Sure, white is the new black. We went all out: Monster Energy Zero Ultra.","['https://m.media-amazon.com/images/I/71mgBpijzML._SL1200_.jpg', 'https://m.media-amazon.com/images/I/71LIeBq3JbL._SL1200_.jpg', 'https://m.media-amazon.com/images/I/61dsfaosK7L._SL1200_.jpg', 'https://m.media-amazon.com/images/I/8132ALJ+ISL._SL1500_.jpg', 'https://m.media-amazon.com/images/I/71ioJfXGS4L._SL1500_.jpg', 'https://m.media-amazon.com/images/I/51gkZ0qr0dL.jpg', 'https://m.media-amazon.com/images/I/81a1jUp36JL._SL1500_.jpg']",10,"Grocery & Gourmet Food > Beverages > Bottled Beverages, Water & Drink Mixes > Energy Drinks",https://www.amazon.com/-/dp/B0BL7316GD?_encoding=UTF8&th=1&psc=1&pf_rd_i=desktop&ref_=pd_gw_unk,"size: 16 Fl oz (Pack of 15), flavor: Zero Ultra",16 Fl oz (Pack of 15),,u-3c-34070,"{'Product Dimensions': '2.6 x 2.6 x 6.2 inches; 1.04 Pounds', 'Item model number': 'u-3c-34070', 'UPC': '070847891291', 'Manufacturer': 'Monster Energy', 'ASIN': 'B0BL7316GD', 'Country of Origin': 'USA', 'Amazon Best Sellers Rank': '#7 in Grocery & Gourmet Food , #2 in Energy Drinks'}",B0DF2F3WLN,"[{'size_name': '16 Ounce (Pack of 24)', 'flavor_name': 'Ultra Violet', 'asin': 'B01MYFQ3NR'}, {'size_name': '15 Pack', 'flavor_name': 'Ultra Violet, Ultra Sunrise, Ultra Paradise', 'asin': 'B0CGMC9L58'}, {'size_name': '16 Ounce (Pack of 24)', 'flavor_name': 'Zero Ultra', 'asin': 'B00ADYXY7E'}, {'size_name': '15 Pack', 'flavor_name': 'Ultra Red', 'asin': 'B0BL6L41DL'}, {'size_name': '16 Ounce (Pack of 24)', 'flavor_name': 'Ultra Red', 'asin': 'B011IXREW4'}, {'size_name': '15 Pack', 'flavor_name': 'Ultra Watermelon', 'asin': 'B0BL6X54YR'}, {'size_name': '10.5 Ounce (Pack of 12)', 'flavor_name': 'Zero Ultra', 'asin': 'B07N3GC535'}, {'size_name': '16 Fl Oz (Pack of 24)', 'flavor_name': 'MULTI', 'asin': 'B0C37QWFDY'}, {'size_name': '16 Fl Oz (Pack of 12)', 'flavor_name': 'Zero Ultra', 'asin': 'B08M9X9XN5'}, {'size_name': '16 Ounce (Pack of 24)', 'flavor_name': 'Ultra Fiesta', 'asin': 'B0866B9SLH'}, {'size_name': '16 Ounce (Pack of 24)', 'flavor_name': 'Ultra Paradise', 'asin': 'B07P9XNX4D'}, {'size_name': '15 Pack', 'flavor_name': 'Ultra Black', 'asin': 'B0BL6KG7D2'}, {'size_name': '15 Pack', 'flavor_name': 'Ultra Strawberry Dreams', 'asin': 'B0BL7D61N5'}, {'size_name': '16 Ounce (Pack of 24)', 'flavor_name': 'Ultra Golden Pineapple', 'asin': 'B08S7KZVFX'}, {'size_name': '15 Pack', 'flavor_name': 'Ultra Paradise', 'asin': 'B0BL7789WW'}, {'size_name': '15 Pack', 'flavor_name': 'Ultra Peachy Keen', 'asin': 'B0BL6XL5QZ'}, {'size_name': '15 Pack', 'flavor_name': 'Ultra Violet', 'asin': 'B0BL6WMRGG'}, {'size_name': '16 Ounce (Pack of 24)', 'flavor_name': 'Ultra Watermelon', 'asin': 'B08JNWFT52'}, {'size_name': '16 Ounce (Pack of 24)', 'flavor_name': 'Ultra Rosa', 'asin': 'B0866BSTK3'}, {'size_name': '15 Pack', 'flavor_name': 'Ultra Blue', 'asin': 'B0BL77MRYT'}, {'size_name': '16 Fl Oz (Pack of 12)', 'flavor_name': 'Watermelon', 'asin': 'B09ZWS9ZNR'}, {'size_name': '16 Fl Oz (Pack of 12)', 'flavor_name': 'Ultra Paradise', 'asin': 'B08M9VZCWN'}, {'size_name': '15 Pack', 'flavor_name': 'Ultra Golden Pineapple', 'asin': 'B0BL71CYML'}, {'size_name': '15 Pack', 'flavor_name': 'Ultra Sunrise', 'asin': 'B0BL6WQKPM'}, {'size_name': '16 Ounce (Pack of 24)', 'flavor_name': 'Ultra Peachy Keen', 'asin': 'B09QNVLPWM'}, {'size_name': '15 Pack', 'flavor_name': 'Zero Ultra, Strawberry Dreams, Peachy Keen', 'asin': 'B0CGMF4B74'}, {'size_name': '15 Pack', 'flavor_name': 'Ultra Rosa', 'asin': 'B0BL6BLL73'}, {'size_name': '15 Pack', 'flavor_name': 'Ultra Fiesta Mango', 'asin': 'B0BL6KR6B1'}, {'size_name': '16 Fl oz (Pack of 15)', 'flavor_name': 'Zero Ultra', 'asin': 'B0BL7316GD'}, {'size_name': '10.5 Ounce (Pack of 12)', 'flavor_name': 'Ultra Sunrise', 'asin': 'B07N3GK9PK'}, {'size_name': '16 Ounce (Pack of 24)', 'flavor_name': 'Ultra Sunrise', 'asin': 'B00R0O9U7S'}]","{'size_name': ['10.5 Ounce (Pack of 12)', '15 Pack', '16 Fl Oz (Pack of 12)', '16 Fl oz (Pack of 15)', '16 Fl Oz (Pack of 24)', '16 Ounce (Pack of 24)'], 'flavor_name': ['MULTI', 'Ultra Black', 'Ultra Blue', 'Ultra Fiesta', 'Ultra Fiesta Mango', 'Ultra Golden Pineapple', 'Ultra Paradise', 'Ultra Peachy Keen', 'Ultra Red', 'Ultra Rosa', 'Ultra Strawberry Dreams', 'Ultra Sunrise', 'Ultra Violet', 'Ultra Violet, Ultra Sunrise, Ultra Paradise', 'Ultra Watermelon', 'Watermelon', 'Zero Ultra', 'Zero Ultra, Strawberry Dreams, Peachy Keen']}",new,"[{'title': 'Monster Energy Ultra Fantasy Ruby Red, Sugar Free Energy Drink, 16 Ounce (Pack of 15)', 'link': 'https://www.amazon.com/Monster-Energy-Ultra-Fantasy-Sugar/dp/B0CRGQLMWH/ref=pd_bxgy_d_sccl_1/000-0000000-0000000?pd_rd_w=LlSuN&content-id=amzn1.sym.3858a394-39a9-4946-90e6-86a3153d2546&pf_rd_p=3858a394-39a9-4946-90e6-86a3153d2546&pf_rd_r=ADHTKHJ1SBXVQGRY71YE&pd_rd_wg=SqpMA&pd_rd_r=7007445b-4383-447d-b951-60d7ea4f1776&pd_rd_i=B0CRGQLMWH&psc=1', 'price': '$29.63'}, {'title': 'Monster Energy Juice Monster Variety Pack, Pipeline Punch, Mango Loco, Pacific Punch, Energy+Juice, Energy Drink, 16 Ounce (Pack of 15)', 'link': 'https://www.amazon.com/Monster-Energy-Variety-Pipeline-Pacific/dp/B0CGMF1J8Z/ref=pd_bxgy_d_sccl_2/000-0000000-0000000?pd_rd_w=LlSuN&content-id=amzn1.sym.3858a394-39a9-4946-90e6-86a3153d2546&pf_rd_p=3858a394-39a9-4946-90e6-86a3153d2546&pf_rd_r=ADHTKHJ1SBXVQGRY71YE&pd_rd_wg=SqpMA&pd_rd_r=7007445b-4383-447d-b951-60d7ea4f1776&pd_rd_i=B0CGMF1J8Z&psc=1', 'price': '$24.98'}]","[{'badge': ""Amazon's Choice"", 'badge_text': None}]",85%,7%,3%,1%,3%
